Code_No,Barcode,Item_Description,Quantity,Unit,Unit_Description,Category,Project,Date_Received,Expiry_Date,Remark
MNTD001,,Falcon tubes of 50ml (Corning),,,,,,,,
MNTD002,,Corning 50ml Centrifuge Tube (RNase and DNase free),18,Bag,25 tubes/bag,Tube_Falcon,HAMMS,,,
MNTD003,, safe lock tubes 2.0ml (porensic DNA grade),20,Pack,500eppendorf tubes/pack,,HAMMS,,,
MNTD004,,safe lock tubes 15ml (forensic DNA grade),7,Pack,500 eppendorf tube/pack,,HAMMS,,,
MNTD005,,eppendorf tubes 5.0ml (forensic DNA grade),2,Pack,200 tubes/pack,,HAMMS,,,
MNTD006,,eppendorf tubes 5.0ml (sterile),1,Pack,200 tube/pack,,HAMMS,,,
MNTD007,,microcentrifuge 1.5ml with cap (ratialb),1,Bag,1000/bag,,HAMMS,,,
MNTD008,,microcentrifuge  (fischer brand ) (6 holes),2,Each,each,,HAMMS,,,
MNTD009,,pk-25-96-well PCR plate (non skerted ),3,Pack,25/pack,,HAMMS,,,
MNTD010,,"96- well full skirt PCR micro plate ,clear ( axygen )",5,Pack,10 plate/pack,,HAMMS,,,
MNTD011,,axygen pierceable  alumnium sealing film (non sterile),13,Pack,100/pack,,HAMMS,,,
MNTD012,,adhesive sealing sheet (clear),13,Pack,100sheet/pack,,HAMMS,,,
MNTD013,,0.2ml non skirted low profile 96-well PCR plate,8,Pack,15plate/pack,,HAMMS,,,
MNTD014,, assay plate with low evaporation lid 96 well flat bottom ,20,Pack,20/pack,,HAMMS,,,
MNTD015,,"quality nano plate 26k, 24-well (10)",16,Pack,10/pack,,HAMMS,,,
MNTD016,,QIAality nano plate 8.5K- 24-well(10),11,Pack,10/pack,,HAMMS,,,
MNTD017,,1Xds DNA BR working solution ,12,Each,250ml/each,,HAMMS,,,
MNTD018,,RNase free 8-strip 0.2ml PCR tubes of capsF ,2,Pack,125tubes/pack,,HAMMS,,,
MNTD019,,PCR consumable with attached individual cap 0.2ml,3,Box,120PCS/box,,HAMMS,,,
MNTD020,,high seansetivity DNA chips (agilent),8,Each,each,,HAMMS,,,
MNTD021,,VWS PCR plate 96 well non skirted (0.2ml),176,Pack,pack,,HAMMS,,,
MNTD022,,1ml lver syringe with out needle,61,Pack,120pcs/pack,,HAMMS,,,
MNTD023,,"square well-block (DNA.RNA,&protein pun)",1,Box,24pcs/box,,HAMMS,,,
MNTD024,,king fisher 96 tip comb,2,Pack,100pcs/pack,,HAMMS,,,
MNTD025,,low protein birding microcentrifuge tubes 1.5ml,3,Pack,250pcs/pack,,HAMMS,,,
MNTD026,,ultra pure agarose 500g ,4,Each,each,,HAMMS,,,
MNTD027,,ultra pure 10x TBE buffer 1000ml ,5,Bottle,each,,HAMMS,,,
MNTD028,,10X TBE buffer 0.2um filtered 1000ml,2,Bottle,each,,HAMMS,,,
MNTD029,,water molecular biology grade 0.03u  filtered 1l,1,Bottle,each,,HAMMS,,,
MNTD030,,sub-cell GT gel tray 15x15cm,4,Each,each,,HAMMS,,,
MNTD031,,sub-cell GT gel scasting gates,1,Each,each,,HAMMS,,,
MNTD032,,sub-cell GT gel caster,1,Each,each,,HAMMS,,,
MNTD033,, Sub -cell GT comb 15 wall(14cmx1.5mm),4,Each,each,,HAMMS,,,
MNTD034,,"Methanol 99.8%for HPLC,2.5L",3,Bottle,bottle,,HAMMS,,,
MNTD035,,"tween,20 250ml",2,Bottle,bottle,,HAMMS,,,
MNTD036,,Nuclo mag blood 200ul(4x96 preps),15,Each,each,,HAMMS,,2026-03,
MNTD037,,"96,wall accessories kit B for king fisher",15,Each,each,,HAMMS,,,
MNTD038,,"96 wall accessories kit B ,1 set",2,Each,each,,HAMMS,,,
MNTD039,,cryovial sterlized non pyrogenic 1.8ml,2,Case,500/case,,HAMMS,,,
MNTD040,,sodium azide.>=99.5%,1,Bottle,                    bottle,,HAMMS,,,
MNTD041,,hard shell PCR plates 96 well thin white well,1,Pack,50/pack,,HAMMS,,,
MNTD042,,hard shell PCRplates 96 well white clear well,1,Pack,50/pack,,HAMMS,,,
MNTD043,,"filter tip,100ul(96x1)",5,Each,each,,HAMMS,,,
MNTD044,,"filter tips,200ul(96x1)",1,Each,each,,HAMMS,,,
MNTD045,,"filter tips,10ul(96x1)",1,Each,each,,HAMMS,,,
MNTD046,,filter tips 1000ul(96x1),1,Each,each,,HAMMS,,,
MNTD047,,RT-LTS 200ul f 960A/10,1,Pack,10racks/pack,,HAMMS,,,
MNTD048,,Neptune 20ul universal barrier tips,1,Pack,10rack/pack,,HAMMS,,,
MNTD049,,UTIP 10UL Tips,1,Pack,10 rack/pack,,HAMMS,,,
MNTD050,,UTIP 1250 UL Tips,1,Pack,10 rack/pack,,HAMMS,,,
MNTD051,,Quibit assay tubes(0.5ml),10,Pack,500tubes/pack,,HAMMS,,,
MNTD052,,slide box(100 slides),1,Each,each,,HAMMS,,,
MNTD053,,Tally counter,1,Each,each,,HAMMS,,,
MNTD054,,Hemacue-301 machine,1,Each,each,,HAMMS,,,
MNTD055,,minigrip bag PE 100ul 100x150,2,Case,500/case,,HAMMS,,,
MNTD056,,PCR tube strip of 8 with cap strip 0.25ml flat,2,Box,250/box,,HAMMS,,,
MNTD057,,magpix drive fluid plus 4/pack,3,Each,each,,HAMMS,,,
MNTD058,,safe lock tubes 1.5 ml(eppidrof/individual,1,Pack,100 tubes/pack,,HAMMS,,,
MNTD059,,bio-plex pro flat bottom plates,18,Pack,40pcs/pack,,HAMMS,,,
MNTD060,,96 well connical bottom 0.45 mlRNAas/DNAasefre,6,Pack,20pcs/pack,,HAMMS,,,
MNTD061,,speciality tips micro pipets tips(0.1-10)nonsteroids,11,Pack,100/pack,,HAMMS,,,
MNTD062,,Mine elate PCR purification kit(250),1,Box,box,,HAMMS,,,
MNTD063,,QIAquick  96 PCR purification kit(4),2,Box,box,,HAMMS,,,
MNTD064,,aglinet syringe kit(for bio analyser),7,Piece,piece,,HAMMS,,,
MNTD065,,Lumo color permanent marker,4,Pack,10piece/pack,,HAMMS,,,
MNTD066,,RNSY mini kit(250)Qiagen,4,Box,box,,HAMMS,,,
MNTD067,,BD micro tainer k2E Blood collection tube,14,Pack,200piece/pack,,HAMMS,,,
MNTD068,,BD micro tainer k2E blood collection tube,7,Pack,200piece/pack,,HAMMS,,,
MNTD069,,sterile 2ml poly propylene(sealer),4,Pack,100 sheets/pack,,HAMMS,,,
MNTD070,,0.1mm Zirconia(silicabead(454 grams)),4,Bottle,bottle,,HAMMS,,,
MNTD071,,larva try(medium size),97,Each,each,,HAMMS,,,
MNTD072,,parafilm(10.2cmx38.1m),6,Roll,roll,,HAMMS,,,
MNTD073,,parafilm(10.2cmx76.2m),2,Roll,roll,,HAMMS,,,
MNTD074,,DNA/RNA microkit(50),1,Box,box,,HAMMS,,,
MNTD075,,microscopic cover sglasses(18x18mm),60,Case,2000pcs/case,,HAMMS,,,
MNTD076,,Kit RAL 555 fixtation and differential stainig,7,Kit,kit,,HAMMS,,,
MNTD077,,no 23 sterile disposable scarples,5,Pack,10/pack,,HAMMS,,,
MNTD078,,millex syringe driven filxer units,3,Pack,50/pack,,HAMMS,,,
MNTD079,,TOP vision agarose 500g,1,Each,each,,HAMMS,,,
MNTD080,,permanent marker point black,3,Pack,10/pack,,HAMMS,,,
MNTD081,,microscopic cover glasses(22x22mm),10,Pack,100piece/pack,,HAMMS,,,
MNTD082,,BD micro tainer contact activated lancet 1.55mm,10,Pack,200/pack,,HAMMS,,,
MNTD083,,PCR consumable 8 tubes 0.2ml flat caps,7,Box,120piecs/box,,HAMMS,,,
MNTD084,,hard shell PCR plates 96 well low profile semi scerted,1,Box,25/box,,HAMMS,,,
MNTD085,,Hemacue HB-301 micro cuvetes(4x50),6,Pack,pack,,HAMMS,,,
MNTD086,,universal indicator strips PH01-14,2,Pack,100strip/pack,,HAMMS,,,
MNTD087,,Eppendorff tubes 5ml(PCR clean),2,Pack,100tubes/pack,,HAMMS,,,
MNTD088,,super clear 5ml tubes with attached caps,1,Bag,250piecs/bag,,HAMMS,,,
MNTD089,,Lens cleaning tissue brush and solution,1,Each,each,,HAMMS,,,
MNTD090,,microscopic cover glasses(20x20mm),1,Pack,1000piecs/pack,,HAMMS,,,
MNTD091,,0.2 ml skrited 96 well PCRplate white),17,Pack,25/pack,,HAMMS,,,
MNTD092,,TweezersMM-SA(forceps),3,Each,each,,HAMMS,,,
MNTD093,,Giemsa stain powder 25gm,2,Each,each,,HAMMS,,,
MNTD094,,"Giemsa stain(M,S)100gm",1,Each,each,,HAMMS,,,
MNTD095,,cichild XL sticks(larva food) 325 gm,9,Gram,gram,,HAMMS,,,
MNTD096,,Centrifuge tubes screw C sterile 50ml,10,Pack,50/pack,,HAMMS,,,
MNTD097,,Mini grip REsealable(09mmx114mmx50mg),20,Pack,1000 pieces/pack,,HAMMS,,,
MNTD098,,Mini grip write on bags (230mmx325mm),10,Pack,100/pack,,HAMMS,,,
MNTD099,,1set eppedorf conical tubes 25ml screw cup sterile,3,Bag,"200/pack,25/bag",,HAMMS,,,
MNTD100,,filterd yellow rack tips(200ul),1,Case,100 rack/case,,HAMMS,,,
MNTD101,,Blant fill needle 40 0bevel 18GX38mm,22,Pack,100/pack,,HAMMS,,,
MNTD102,,Medicine pounch(10.5x7.5cm),2,Pack,1000/pack,,HAMMS,,,
MNTD103,,malaria AgPF/Pv(PLDH/PLDH)RDTkits,240,Pack,25kits/pack,,HAMMS,,,
MNTD104,,15ml polypropylene conical tubes(17x120mm style),1,Case,500pieces/case,,HAMMS,,,
MNTD105,,48 well celkl culture plate flat bottom,76,Each,each,,HAMMS,,,
MNTD106,,malaria Agpf(pLDH/HRPII),62,Pack,25kit/pack,,HAMMS,,,
MNTD107,, cell culture treated surface filter cap T-25 flasks,80,Pack,5/pack,,HAMMS,,,
MNTD108,,Mono jet almunium hab blunt needle 22G,4,Pack,25/pack,,HAMMS,,,
MNTD109,,UTIPS filterd racked pipets tips 300ul,6,Pack,10racks/pack,,HAMMS,,,
MNTD110,,UTIPS Filterd racked pipets tips 100ul,4,Pack,10racks/pack,,HAMMS,,,
MNTD111,,UTIPSfilterd racked pipet tips 20ul,6,Pack,10racks/pack,,HAMMS,,,
MNTD112,,UTIPSfilterd racked pipets 1000ul,6,Pack,10/pack,,HAMMS,,,
MNTD113,,screw caps with o-Rings super clear tube,1,Case,5000/case,,HAMMS,,,
MNTD114,,10ul universal barriers tips(Neptune),5,Pack,10rack/pack,,HAMMS,,,
MNTD115,,200 ul universal barrier tips(neptune),5,Pack,10rack/pack,,HAMMS,,,
MNTD116,,Zirconici/silica beads(1 mm dix),5,Bottle,bottle,,HAMMS,,,
MNTD117,,1000ul universal barriers tip(Neptune),5,Pack,10racks/pack,,HAMMS,,,
MNTD118,,1ml syringe sterile ,5,Pack,100/pack,,HAMMS,,,
MNTD119,,needle hypodermic 22 Gx1/4 0.7x32mmtw,5,Pack,100/pack,,HAMMS,,,
MNTD120,,2ml stripette serological pipette ,20,Bag,50/bag,,HAMMS,,,
MNTD121,,10ml stripette serological pipette ,16,Bag,50/bag,,HAMMS,,,
MNTD122,,plastic two-piece syrige 1ml ,12,Pack,100/pack,,HAMMS,,,
MNTD123,,gentamicin reagent solution 10mg/ml,36,Vial,,,HAMMS,,,
MNTD124,,Lumefantrine powder ,2,Vial,,,HAMMS,,,
MNTD125,,sodium bicarbonate 99.7% ACS reagent 25gm,2,Bottle,each,,HAMMS,,,
MNTD126,,lactic acid 100ml ,2,Bottle,each,,HAMMS,,,
MNTD127,,percoll PH 8.5-9.5 100ml,2,Bottle,each,,HAMMS,,,
MNTD128,,D- sorbitol 1kg ,2,Bottle,each,,HAMMS,,,
MNTD129,,EDTA (diisodium salt dihaydrate ) 500 mg ,2,Bottle,each,,HAMMS,,,
MNTD130,,saponin 500mg,2,Bottle,each,,HAMMS,,,
MNTD131,,dimethyl sulfoxide 1L,2,Bottle,each,,HAMMS,,,
MNTD132,,dimethyle sulfoxide anhydrous 3ml,20,Vial,,,HAMMS,,,
MNTD133,,tris ultra pure grade 1kg ,1,Bottle,each,,HAMMS,,,
MNTD134,,triton X-100 surfact -AMPS tm detergent 50ml,2,Bottle,each,,HAMMS,,,
MNTD135,,hypoxanthine 100gm,16,Bottle,each,,HAMMS,,,
MNTD136,,cryocane aluminum size 6-place 7 pack of 12,7,Pack,,,HAMMS,,,
MNTD137,,BD plastic pack luer  tip 10ml syring ,122,Each,each,,HAMMS,,,
MNTD138,,48 well cellculture plate sterile flatbottem  child ,100,Each,each,,HAMMS,,,
MNTD139,,24 well cell culture plate sterile with lid,50,Each,each,,HAMMS,,,
MNTD140,,millex GV  filter unit 0.22um durapore pudf membrane   ,99,Each,each,,HAMMS,,,
MNTD141,,acrodisk syringe filter 0.2 um supor mambrane ,50,Each,each,,HAMMS,,,
MNTD142,,"lens cleaning tissue 100x150mm,25sheet",2,Pack,,,HAMMS,,,
MNTD143,,hard-shell PCR plates (96 well)thin well ,8,,,,TMDA,,,
MNTD144,,quick gel extraction & PCR purification  combo kit ,4,,,,TMDA,,,
MNTD145,,finn tip filter (200ul),1,Pack,,,TMDA,,,
MNTD146,,Utip (300ul) ,1,,10rack/of 96tip,,TMDA,,,
MNTD147,,Axygen (500ul) 96well round botform  ,2,Case,10 plate  unit/case,,TMDA,,,
MNTD148,,myspin 12 (termo scientific ) minicentrifug ,1,,1EA,,TMDA,,,
MNTD149,,1.5ml plian skirted tube (std screw cap),"1,000",Bag,2bag,,TMDA,,,
MNTD150,,biorad PCR sealer ,600,,1box -6pcs- 100/pcs,,TMDA,,,
MNTD151,,eppindorf (2ml),500,,1box-500/pcs,,TMDA,,,
MNTD152,,larg biohazard bag ,3,Carton,carton,,TMDA,,,
MNTD153,,DNA away (41),12,each,gercan,,TMDA,,,
MNTD154,,labels roll (6 ROll/box),1,Box,,,TMDA,,,
MNTD155,,plate seals esay seal triagent (79x135mm),3,Box,100piece/box,,TMDA,,,
MNTD156,,plastic cryo box ,5,Box,box,,TMDA,,,
MNTD157,,latex powder free examin glave ,5,Box,box,,TMDA,,,
MNTD158,,64mlx 74m wax /resin ribbon ,15,Box,box,,TMDA,,,
MNTD159,,semi antomated handhold screw cap decapped ,1,Box,box,,TMDA,,,
MNTD160,,G6PD  ,5,Bag,bag,,TMDA,,,
MNTD161,,BD MICRO tainer (lancet) ,1,Box,box,,TMDA,,,
MNTD162,,G6PD TEST (25 TEST KIT),2,Box,box,,TMDA,,,
MNTD163,,microtainer (K2E ) BLOOD COLLECTION tubes,16,Box,200/box,,VISPA,,,
MNTD164,,universa tip( 100ul),3,           carton,               carton,,TMDA,,,
MNTD165,,universal pipe tip  ( 10ul) ,4,Carton,carton,,TMDA,,,
MNTD166,,1000ml-rapid flow filter unit ,35,Carton,carton,,TMDA,,,
MNTD167,,universal tip (200 ul) ,2,Carton,carton,,TMDA,,,
MNTD168,,universal tip (1000ul) ,4,Carton,carton,,TMDA,,,
MNTD169,,esay flasc 225 cm Angled  neck (500 ml) ,11,Carton,carton,,TMDA,,,
MNTD170,,500ml-rapid flow bottle top filter (500 ),3,Carton,carton,,TMDA,,,
MNTD171,,MAG MAX 96 DNA (extraction kit),18,Box,box,,TMDA,,,
MNTD172,,glove ,10,Piece,,,TMDA,,,
MNTD173,,syringes (5 ml),31,,,,TMDA,,,
MNTD174,,NUNC esay flask ( 175),1,Carton,,,TMDA,,,
MNTD175,,esay  FLASK 75 filt = 5/ba6-100/case ,15,Carton,,,TMDA,,,
MNTD176,,king fisher 96 tip comb ,153,Box,,,TMDA,,,
MNTD177,,NEPTUNE ( 100 UL) ,17,Box,BOX (10 PCS),,TMDA,,,
MNTD178,,NEPTUNE( 1000 UL),13,Box,BOX (10 PCS),,TMDA,,,
MNTD179,,NEPTUNE( 200 ul),5,Box,boX (10 PCS),,TMDA,,,
MNTD180,,NEPTUNE (10 UL),6,Box,boX (10 PCS),,TMDA,,,
MNTD181,,NEPTUNE( 20 UL),4,Box,boX (10 PCS),,TMDA,,,
MNTD182,,ART-FILTER TIP (10 UL ) ,14,Box,BOX,,TMDA,,,
MNTD183,,ART-FILTER TIP( 1000 UL),5,Pack,10pack/packs,,TMDA,,,
MNTD184,,UTIP (10 UL) filtered  racked  pipette ,45,Rack,10 racks of 96 tip,,TMDA,,,
MNTD185,,UTIP( 100 UL) filtered racked pipette ,4,Rack,10 racks of 96 tip,,TMDA,,,
MNTD186,,UTIP (20 ul)filtered racked pipette,8,Rack,10 racks of 96 tip,,TMDA,,,
MNTD187,,UTIP (1000 UL) Filtered racked pipette,21,Rack,10 racks of 96 tip,,TMDA,,,
MNTD188,,96 DIP WELL PLATE ( MAGMAX ),25,Carton,Carton (50 pcs),,TMDA,,,
MNTD189,,0.2ml thin walled tubes with flat caps ,10,,1000 tubes,,TMDA,,,
MNTD190,,"PCR-plate,96-well low ,skirted,white ",5,Pack,pack of 25,,TMDA,,,
MNTD191,,finn tip filter (20ul),3,Pack,10x96 pack,,TMDA,,,
MNTD192,,finn tip filter (300 ul),3,Pack,10x96 pach,,TMDA,,,
MNTD193,,96 well cap NATURA ( radiation sterilized ),1,Bag,1 bag /50/case,,TMDA,,,
MNTD194,,ZERO TIP (10-300 UL)( PIPETTE micro tip ),5,,,,TMDA,,,
MNTD195,,ZERO TIP (10-200 UL)( PIPETTE micro tip ),1,,,,TMDA,,,
MNTD197,,Omiprazole,20,10 x 10,,,PvSTATEM,,02-2027,
MNTD197,,Cephalexin,10,11 x 10,,,PvSTATEM,,11-2028,
MNTD198,,Ibuprofen Tablet,10,12 x 10,,,PvSTATEM,,11-2028,
MNTD199,,Ibuprofen Suspension,20,Bottle,,,PvSTATEM,,04-2028,
MNTD200,,Diclofenac Injection,20,Ampoul,,,PvSTATEM,,08-2028,
MNTD201,,Axilliary Thermometer ,20,Each,,,PvSTATEM,,NA,
MNTD202,,Paracetamol Tablet,30,10 x 10,,,PvSTATEM,,09-2029,
MNTD203,,Paracetamol Suspensiom,50,Bottle,,,PvSTATEM,,09-2029,
MNTD204,,Chlorpheneramine,2,10 x 10,,,PvSTATEM,,01-2028,
MNTD205,,Optifit Tips,3,19 x 960,,,PvSTATEM,,10-2029,
MNTD206,,ART Pipette tips - Pre sterile of 1000ul,33,"100 tips per tray, 8 trays per pack",,,PvSTATEM,,NA,
MNTD207,,Sure one pipette tip of 1000ul (Non-filter and aerosol barrier),32,Pack of 10 ,,,PvSTATEM,,05-2030,
MNTD208,,MagMax TM 96 DNA Multisample kit,93,Box of 2,,,PvSTATEM,,NA,
MNTD209,,BD Microtainer K2E,42,4 x 50,,,PvSTATEM,,03-2026,
MNTD210,,G6PD Test Standard,27,Pack of 25,,,PvSTATEM,,03-2027,
MNTD211,,G6PD Test Control,10,Pack of 10 ,,,PvSTATEM,,10-2027,
MNTD212,,AL Adult Tablet ,90,30 x 24 ,,,PvSTATEM,,10-2026,
MNTD213,,AL Dispersable Tablet,14,12 x 30 ,,,PvSTATEM,,02-2027,
MNTD214,,"Disposable glove of medium size, Latex powder free",21,10 x 100,PCS,,PvSTATEM,,07-2029,
MNTD215,,Kingfisher Deep well,34,50 pcs per cartoon,,,PvSTATEM,,NA,
MNTD216,,Credo Cube ,2,4L and 3l,,,PvSTATEM,,NA,
MNTD217,,LimonNAxtra nitrile exam glove,19,Pack of 100,,,PvSTATEM,,06-2027,
MNTD218,,Silical gel,13,3kg per pack,,,PvSTATEM,,10-2028,
MNTD219,,Axygen fileter tips,8,"10 racks per units, 5 units per pack",,,PvSTATEM,,10-2027,
MNTD220,,Urine caps,"9,500",Each,,,PvSTATEM,,NA,
MNTD221,,Bovine serum albumin,2,Bottle,each,,PvSTATEM,,11-2027,
MNTD222,,Thermoscientific Nalgene Filtration Product,16,1000ml,,,PvSTATEM,,NA,
MNTD223,,Quick gel extration and PCR purification Combo Kit,2,50 Rxn,,,PvSTATEM,,09-2025,
MNTD224,,Yellow tips of 200ul ,43,Pack of 1000,,,PvSTATEM,,04-2029,
MNTD225,,Superclear 5ml tubes,4,Pack of 250,,,PvSTATEM,,09-2027,
MNTD226,,Sterile aerosol pipette tips of 200ul ,1,Pack of 10,,,PvSTATEM,,12-2022,
MNTD227,,Low protein binding microcentrifuge tube,1,Pack of 250,,,PvSTATEM,,NA,
MNTD228,,Rapigen RDT (pLDH/pLDH),50,Pack of 25,,,PvSTATEM,,11-2027,
MNTD229,,Graduated filter tips of 1000ul,2,10 x 96,,,PvSTATEM,,NA,
MNTD230,,Bioplex pro flat-bottom plates (Mylar),5,Pack of 40,,,PvSTATEM,,NA,
MNTD231,,Axygen aluminium sealing film,16,Pack of 100,,,PvSTATEM,,NA,
MNTD232,,Transparent plate sealer,17,Pack of 100,,,PvSTATEM,,NA,
MNTD233,,Reagent Reserviour of 10ml plate of 100,15,Cartoon,,,PvSTATEM,,NA,
MNTD234,,Polypropylene Conical tube 30 x 115 mm,2,Pack of 500,,,PvSTATEM,,08-2029,
MNTD235,,Reagent Reserviour 50ul pipette,1,Pack of 100,,,PvSTATEM,,07-2025,
MNTD236,,Tips,153,200ul,,,PvSTATEM,,2030,
MNTD237,,Tips,51,20ul,,,PvSTATEM,,2030,
MNTD238,,Tips,43,10ul,,,PvSTATEM,,2030,
MNTD239,,Luminex ( Drive Fluid),31,Boxes,,,PvSTATEM,,2026,
MNTD240,,Envelope (40*60mm),31,Boxes,,,PvSTATEM,,NA,
MNTD241,,PBS,70,500ml Pcs,,,PvSTATEM,,2026,
MNTD242,,Conical tube (Falcon tube),4,15ml,,,PvSTATEM,,NA,
MNTD243,,NUNCK tube,3,Boxes,,,PvSTATEM,,NA,
MNTD244,,Lancet ,7,Boxes ,,,PvSTATEM,,2029,
MNTD245,,Whatman filter paper,8,Pack,,,PvSTATEM,,NA,
MNTD246,,Classer,2,Pack,,,PvSTATEM,,NA,
MNTD247,,Screw Cups,2,Boxes,,,PvSTATEM,,2027,
MNTD248,,Tipcomb for DW Magnet,70,Boxes/Packs,,,PvSTATEM,,NA,
MNTD249,,EDTA tube,29,Packs,,,PvSTATEM,,2025,
MNTD250,,Reservoir,4,Boxes,,,PvSTATEM,,NA,
MNTD251,,Refill tip,18,200ul (10*96) Pack,,,PvSTATEM,,2029,
MNTD252,,Eppendorf tubes,20,5ml Boxes,,,PvSTATEM,,2028,
MNTD253,,Eppendorf tubes,18,2ml Boxes,,,PvSTATEM,,2028,
MNTD254,,Eppendorf tubes,3,1.5ml Boxes,,,PvSTATEM,,2029,
MNTD255,,Eppendorf tubes,9,0.5ml Boxes,,,PvSTATEM,,2032,
MNTD256,,Corning Pipette (Single Channel),7,200ul Pcs,,,PvSTATEM,,NA,
MNTD257,,Corning Pipette (Single Channel),1,1000ul Pc,,,PvSTATEM,,NA,
MNTD258,,Corning Pipette (Single Channel),1,10ul Pc,,,PvSTATEM,,NA,
MNTD259,,Thermoscientific Pipette (Multichannel),1,50ul Pc,,,PvSTATEM,,NA,
MNTD260,,Transparent selant,3,Packs,,,PvSTATEM,,NA,
MNTD261,,Topvision Agarose,2,Boxes,,,PvSTATEM,,NA,
MNTD262,,Well skirted PCR Plate,8,Boxes,,,PvSTATEM,,NA,
MNTD263,,0.2ml Skirted 96-well PCR Plate,6,Boxes,,,PvSTATEM,,NA,
MNTD264,,99% Alcohol (Ethanol),3,1L (20Pcs/box),,,PvSTATEM,,NA,
MNTD265,,Srewcup with O-Ring for superclear microt,1,Box,,,PvSTATEM,,NA,
MNTD266,,Cotton,114,100g Pcs,,,PvSTATEM,,NA,
MNTD267,,Cotton,40,Roll,500g pcs,,PvSTATEM,,NA,
MNTD268,,Reagent Reservoirs,3,Box,,,PvSTATEM,,NA,
MNTD269,,Cryobox,3,Box,,,PvSTATEM,,NA,
MNTD270,,Micropoint Pipet tips,3,Box,,,PvSTATEM,,NA,
MNTD271,,Cryotube,34,Pack,,,PvSTATEM,,NA,
MNTD272,,Bluetips,2,Pack,,,PvSTATEM,,NA,
MNTD273,,G6PD Machine,6,Each,,,PvSTATEM,,NA,
MNTD274,,Weight Scale ,2,Pieces,,,PvSTATEM,,NA,
MNTD275,,Sodium Azide,1,Box,,,PvSTATEM,,NA,
MNTD276,,Sodium Azide,1,Box,,,PvSTATEM,,NA,
MNTD277,,Polyvinyl Alcohol,1,Pack,,,PvSTATEM,,2025,
MNTD278,,Bovine Serumalbumin (BSA),1,Pack,,,PvSTATEM,,2027,
MNTD279,,PH METER (4 in one),15,Piece,,,AnoSTEP,,,
MNTD280,,"Fish Food (larval Food,Tetra Cichlid XL Sticks,320g))",50,Bottle,,,AnoSTEP,,,
MNTD281,,FALCON TUBES - 50ml (case of 500pcs),13,Carton,,,AnoSTEP,,,
MNTD282,,Pasteur Pipette (P/500)(cartoon of 100 bags ),2,Carton,,,AnoSTEP,,,
MNTD283,,DIGITAL TDS METER (AQUAMETER) for TDS only,3,Box,,,AnoSTEP,,,
MNTD284,,Thermo-Hygrometer,15,Piece,,,AnoSTEP,,,
MNTD285,,COLD BOX (Medium-sized),15,Piece,,,AnoSTEP,,,
MNTD286,,Eppendorf vials (bags 1000),2,Carton,,,AnoSTEP,,,
MNTD287,,DISSECTION KIT,15,Kit,,,AnoSTEP,,,
MNTD288,,"Dental Dam (6""×6"" pack of 36) Powder-free latex",20,Piece,,,AnoSTEP,,,
MNTD289,,"FORCEPS (Stainless steel,)",30,Piece,,,AnoSTEP,,,
MNTD290,,PETRI DISH-100 x15 mm;Non sterile; Made from borosilicate 3,7,Box,,,AnoSTEP,,,
MNTD291,,PLASTIC ZIP BAG (100/bag),15,Bag,,,AnoSTEP,,,
MNTD292,,"Silica gel orange, for drying purposes, non toxic grade, 2-5 mm ",8,kg,,,HAMMS,,,
MNTD293,,Microtainer K2E Blood Collection Tubes ,104,Tube,,,HAMMS,,,
MNTD294,,"BD PlastiPak™ Luer Slip Syringe without Needle, 1ml ",16,Not Applicable,,,HAMMS,,,
MNTD295,,"Microtainer Contact-Activated Lancet, Depth Needle: 2.0mm, 0.08 in.,  Needle Gauge: 16.5g, Blue ",56,Not Applicable,,,HAMMS,,,
MNTD296,,BD Vacutainer CAT Plus Blood collection tubes ,20,Not Applicable,,,HAMMS,,,
MNTD297,,Tetra Cichlid XL Sticks 320g ,8,Gram,bottel,,HAMMS,,,
MNTD298,,LTS Pipette Tip 5-200uL Racked Filter Pk960,4,Rack,,,HAMMS,,,
MNTD299,,LTS Pipette Tip 5-200uL Racked Filter Pk960,1,rack,,,HAMMS,,,
MNTD300,,"Silica gel orange, for drying purposes, non toxic grade, 2-5 mm ",2,Kilogram,,,HAMMS,,,
MNTD301,,BD Vacutainer LH Plus Blood Collection Tubes ,10,Not Applicable,,,HAMMS,,,
MNTD302,,LTS Pipette Tip 0.1-20uL Racked Filter Pk960,5,Rack,,,HAMMS,,,
MNTD303,,Immersion oil for microscopy ,6,Milliliter,each,,HAMMS,,,
MNTD304,,"2.0ml NonKnurl, NonSkrt, Nat, Description: 2.0ml Screw Cap Tube,  NonKnurl, NonSkirted,Natural ",8,Pack,,,HAMMS,,,
MNTD305,,"2.0ml NonKnurl, NonSkrt, Nat, Description: 2.0ml Screw Cap Tube,  NonKnurl, NonSkirted,Natural ",8,Pack,,,HAMMS,,,
MNTD306,,"2.0ml NonKnurl, NonSkrt, Nat, Description: 2.0ml Screw Cap Tube,  NonKnurl, NonSkirted,Natural ",8,Pack,,,HAMMS,,,
MNTD307,,"2.0ml NonKnurl, NonSkrt, Nat, Description: 2.0ml Screw Cap Tube,  NonKnurl, NonSkirted,Natural",8,Pack,,,HAMMS,,,
MNTD308,,"2.0ml NonKnurl, NonSkrt, Nat, Description: 2.0ml Screw Cap Tube,  NonKnurl, NonSkirted,Natural ",8,Pack,,,HAMMS,,,
MNTD309,,LTS Pipette Tip 5-200uL Racked Filter Pk960 ,5,Rack,,,HAMMS,,,
MNTD310,,LTS Pipette Tip 0.1-20uL Racked Filter Pk960 ,5,Rack,,,HAMMS,,,
MNTD311,,LTS Pipette Tip 0.1-20uL Racked Filter Pk960 ,5,Rack,,,HAMMS,,,
MNTD312,,LTS Pipette Tip 5-200uL Racked Filter Pk960 ,5,Rack,,,HAMMS,,,
MNTD313,,"0.7 mL External Thread Co-Mold Jacket Tube, precapped, pre-racked in  low profile rack ",5,Case,,,HAMMS,,,
MNTD314,,"0.7 mL External Thread Co-Mold Jacket Tube, Uncapped, pre-racked in  low profile rack ",5,Case,,,HAMMS,,,
MNTD315,,LTS Pipette Tip 5-200uL Racked Filter Pk960 ,5,Box,,,HAMMS,,,
MNTD316,,LTS Pipette Tip 0.1-20uL Racked Filter Pk960 ,5,Box,1/BOX 10 rack,,HAMMS,,,
MNTD317,,LTS Pipette Tip 0.1-20uL Racked Filter Pk960 ,5,Box,1/BOX 10 rack,,HAMMS,,,
MNTD318,,LTS Pipette Tip  0.1-20uL Racked Filter Pk960 ,5,Box,1/BOX 10 rack,,HAMMS,,,
MNTD319,,"0.7 mL External Thread Co-Mold Jacket Tube, uncapped, pre-racked in  low profile rack ",5,Case,,,HAMMS,,,
MNTD320,,"0.7 mL External Thread Co-Mold Jacket Tube, precapped, pre-racked in  low profile rack ",5,Case,,,HAMMS,,,
MNTD321,,"0.7 mL External Thread Co-Mold Jacket Tube, precapped, pre-racked in  low profile rack ",5,Case,,,HAMMS,,,
MNTD322,,"0.7 mL External Thread Co-Mold Jacket Tube, uncapped, pre-racked in  low profile rack ",5,Case,,,HAMMS,,,
MNTD323,,"0.7 mL External Thread Co-Mold Jacket Tube, uncapped, pre-racked in  low profile rack ",5,Case,,,HAMMS,,,
MNTD324,,"0.7 mL External Thread Co-Mold Jacket Tube, uncapped, pre-racked in  low profile rack ",5,Case,,,HAMMS,,,
MNTD325,,"0.7 mL External Thread Co-Mold Jacket Tube, precapped, pre-racked in  low profile rack ",5,Case,,,HAMMS,,,
MNTD326,,"0.7 mL External Thread Co-Mold Jacket Tube, precapped, pre-racked in  low profile rack ",5,Case,,,HAMMS,,,
MNTD327,,"0.7 mL External Thread Co-Mold Jacket Tube, uncapped, pre-racked in  low profile rack ",5,Case,,,HAMMS,,,
MNTD328,,"0.7 mL External Thread Co-Mold Jacket Tube, uncapped, pre-racked in  low profile rack ",4,Case,,,HAMMS,,,
MNTD329,,"0.7 mL External Thread Co-Mold Jacket Tube, precapped, pre-racked in  low profile rack ",5,Case,,,HAMMS,,,
MNTD330,,"1mL External Thread Co-Mold Jacket Tube, uncapped, pre-racked in  low profile rack ",5,Case,,,HAMMS,,,
MNTD331,,"0.7 mL External Thread Co-Mold Jacket Tube, precapped, pre-racked in  low profile rack ",5,Case,,,HAMMS,,,
MNTD332,,"0.7 mL External Thread Co-Mold Jacket Tube, precapped, pre-racked in  low profile rack ",5,Case,,,HAMMS,,,
MNTD333,,"0.7 mL External Thread Co-Mold Jacket Tube, uncapped, pre-racked in  low profile rack ",5,Case,,,HAMMS,,,
MNTD334,,External thread screwcaps Black ,35,Bag,,,HAMMS,,,
MNTD335,,"1mL External Thread Co-Mold Jacket Tube, uncapped, pre-racked in low  profile rack",5,Case,,,HAMMS,,,
MNTD336,,"0.7mL External Thread Co-Mold Jacket Tube, uncapped, pre-racked in low  profile rack",5,Case,,,HAMMS,,,
MNTD337,,"0.7mL External Thread Co-Mold Jacket Tube, uncapped, pre-racked in low  profile rackj",5,Case,,,HAMMS,,,
MNTD338,,"0.7mL External Thread Co-Mold Jacket Tube, uncapped, pre-racked in low  profile rack",5,Case,,,HAMMS,,,
MNTD339,,"0.7 mL External Thread Co-Mold Jacket Tube, uncapped, pre-racked in low  profile rack",5,Case,,,HAMMS,,,
MNTD340,,External thread screwcaps Black ,5,Bag,,,HAMMS,,,
MNTD341,,"0.7mL External Thread Co-Mold Jacket Tube, precapped, pre-racked in low  profile rack",5,Case,,,HAMMS,,,
MNTD342,,"0.7mL External Thread Co-Mold Jacket Tube, uncapped, pre-racked in low  profile rack",5,Case,,,HAMMS,,,
MNTD343,," 0.7mL External Thread Co-Mold Jacket Tube, uncapped, pre-racked in low  profile rack",5,Case,,,HAMMS,,,
MNTD344,,"0.7 mL External Thread Co-Mold Jacket Tube, uncapped, pre-racked in low  profile rack",5,Case,,,HAMMS,,,
MNTD345,,"0.7 mL External Thread Co-Mold Jacket Tube, uncapped, pre-racked in low  profile rack",5,Case,,,HAMMS,,,
MNTD346,,"0.7 mL External Thread Co-Mold Jacket Tube, uncapped, pre-racked in low  profile rack",5,Case,,,HAMMS,,,
MNTD347,,External thread screwcaps Black ,25,Bag,,,HAMMS,,,
MNTD348,,External thread screwcaps Black ,23,Bag,,,HAMMS,,,
MNTD349,,Combitips advanced 0.5 mL,4,Piece,,,HAMMS,,,
MNTD350,,LTS Pipette Tip 5-200uL Racked Filter Pk960 ,5,Rack,,,HAMMS,,,
MNTD351,,LTS Pipette Tip 1000uL Racked Filter Pk960 ,5,Rack,,,HAMMS,,,
MNTD352,,Combitips advanced 0.1 mL,4,Piece,,,HAMMS,,,
MNTD353,,Combitips advanced 0.5 mL,8,Piece,,,HAMMS,,,
MNTD354,,glove medium size powder -free latex 10*100,40,Carton,10 /BOX of 100 pcs /carton,Glove,Gov't,5/15/2026,,
MNTD355,,chloroform,15,Bottle,2500ml/bottle,,Gov't,,,
MNTD356,,microscop slide frosted,70,Box,50/ box,,Gov't,,,
MNTD357,,microscop slide  non frosted,70,Box,50/box,,Gov't,,,
MNTD358,,microscop slide box,30,Box,each,,Gov't,,,
MNTD359,,50 ml polypropylene conical tube,20,Rack,25 tubes /rack,,HAMMS,,,
MNTD360,,VWR UNIVERSAL pipet tips 1250ul,9,Pack,10 pack,,HAMMS,,,
MNTD361,,LDPE clear zipper bag 40x60mm,5,Piece,1000pcs,,HAMMS,,,
MNTD362,,VWR UNIVERSAL pipet tips ,11,Pack,10rack/pack,,HAMMS,,,
MNTD363,,axygen assay plateP-96-450-C-SVbottom,4,Plate,10 plate/unit,,HAMMS,,,
MNTD364,,VWR universal pipet tip(20ul),8,Box,1box,,HAMMS,,,
MNTD365,,VWR universal pipet tip (200ul) ,7,Box,1box,,HAMMS,,,
MNTD366,,VWR universal pipet tip(100ul),12,Box,1box,,HAMMS,,,
MNTD367,,ethanol  absolute=99%,1,Bottle,1bottle,,HAMMS,,,
MNTD368,,alumaseal film for pcr folid storag sterile,1,Pack,pack 100/sheet,,TMDA,,,
MNTD369,,hepparigen tube 100/unit,1,Pack,pack 100/sheet,,HAMMS,,,
MNTD370,,,,,,,,,,
MNTD371,,,,,,,,,,
MNTD372,,,,,,,,,,
MNTD373,,,,,,,,,,
MNTD374,,,,,,,,,,
MNTD375,,,,,,,,,,
MNTD376,,,,,,,,,,
MNTD377,,,,,,,,,,
MNTD378,,,,,,,,,,
MNTD379,,,,,,,,,,
MNTD380,,,,,,,,,,
MNTD381,,,,,,,,,,
MNTD382,,,,,,,,,,
MNTD383,,,,,,,,,,
MNTD384,,,,,,,,,,
MNTD385,,,,,,,,,,
MNTD386,,,,,,,,,,
MNTD387,,,,,,,,,,
MNTD388,,,,,,,,,,
MNTD389,,,,,,,,,,
MNTD390,,,,,,,,,,
MNTD391,,,,,,,,,,
MNTD392,,,,,,,,,,
MNTD393,,,,,,,,,,
MNTD394,,,,,,,,,,
MNTD395,,,,,,,,,,
MNTD396,,,,,,,,,,
MNTD397,,,,,,,,,,
MNTD398,,,,,,,,,,
MNTD399,,,,,,,,,,
MNTD400,,,,,,,,,,
MNTD401,,,,,,,,,,
MNTD402,,,,,,,,,,
MNTD403,,,,,,,,,,
MNTD404,,,,,,,,,,
MNTD405,,,,,,,,,,
MNTD406,,,,,,,,,,
MNTD407,,,,,,,,,,
MNTD408,,,,,,,,,,
MNTD409,,,,,,,,,,
MNTD410,,,,,,,,,,
MNTD411,,,,,,,,,,
MNTD412,,,,,,,,,,
MNTD413,,,,,,,,,,
MNTD414,,,,,,,,,,
MNTD415,,,,,,,,,,
MNTD416,,,,,,,,,,
MNTD417,,,,,,,,,,
MNTD418,,,,,,,,,,
MNTD419,,,,,,,,,,
MNTD420,,,,,,,,,,
MNTD421,,,,,,,,,,
MNTD422,,,,,,,,,,
MNTD423,,,,,,,,,,
MNTD424,,,,,,,,,,
MNTD425,,,,,,,,,,
MNTD426,,,,,,,,,,
MNTD427,,,,,,,,,,
MNTD428,,,,,,,,,,
MNTD429,,,,,,,,,,
MNTD430,,,,,,,,,,
MNTD431,,,,,,,,,,
MNTD432,,,,,,,,,,
MNTD433,,,,,,,,,,
MNTD434,,,,,,,,,,
MNTD435,,,,,,,,,,
MNTD436,,,,,,,,,,
MNTD437,,,,,,,,,,
MNTD438,,,,,,,,,,
MNTD439,,,,,,,,,,
MNTD440,,,,,,,,,,
MNTD441,,,,,,,,,,
MNTD442,,,,,,,,,,
MNTD443,,,,,,,,,,
MNTD444,,,,,,,,,,
MNTD445,,,,,,,,,,
MNTD446,,,,,,,,,,
MNTD447,,,,,,,,,,
MNTD448,,,,,,,,,,
MNTD449,,,,,,,,,,
MNTD450,,,,,,,,,,
MNTD451,,,,,,,,,,
MNTD452,,,,,,,,,,
MNTD453,,,,,,,,,,
MNTD454,,,,,,,,,,
MNTD455,,,,,,,,,,
MNTD456,,,,,,,,,,
MNTD457,,,,,,,,,,
MNTD458,,,,,,,,,,
MNTD459,,,,,,,,,,
MNTD460,,,,,,,,,,
MNTD461,,,,,,,,,,
MNTD462,,,,,,,,,,
MNTD463,,,,,,,,,,
MNTD464,,,,,,,,,,
MNTD465,,,,,,,,,,
MNTD466,,,,,,,,,,
MNTD467,,,,,,,,,,
MNTD468,,,,,,,,,,
MNTD469,,,,,,,,,,
MNTD470,,,,,,,,,,
MNTD471,,,,,,,,,,
MNTD472,,,,,,,,,,
MNTD473,,,,,,,,,,
MNTD474,,,,,,,,,,
MNTD475,,,,,,,,,,
MNTD476,,,,,,,,,,
MNTD477,,,,,,,,,,
MNTD478,,,,,,,,,,
MNTD479,,,,,,,,,,
MNTD480,,,,,,,,,,
MNTD481,,,,,,,,,,
MNTD482,,,,,,,,,,
MNTD483,,,,,,,,,,
MNTD484,,,,,,,,,,
MNTD485,,,,,,,,,,
MNTD486,,,,,,,,,,
MNTD487,,,,,,,,,,
MNTD488,,,,,,,,,,
MNTD489,,,,,,,,,,
MNTD490,,,,,,,,,,
MNTD491,,,,,,,,,,
MNTD492,,,,,,,,,,
MNTD493,,,,,,,,,,
MNTD494,,,,,,,,,,
MNTD495,,,,,,,,,,
MNTD496,,,,,,,,,,
MNTD497,,,,,,,,,,
MNTD498,,,,,,,,,,
MNTD499,,,,,,,,,,